{"cameraMode":{"drawMode":0,"name":"Shaded","section":"Shading Mode"},"sceneLighting":true,"audioPlay":false,"sceneViewState":{"showFog":true,"showMaterialUpdate":false,"showSkybox":true,"showFlares":true,"showImageEffects":true,"showParticleSystems":true},"in2DMode":false,"pivot":{"x":-1.256995439529419,"y":4.876565933227539,"z":-0.6572273969650269},"rotation":{"x":0.0757230669260025,"y":0.831290066242218,"z":-0.11698829382658005,"w":0.5381081104278565},"size":22.6279354095459,"orthographic":false}