{"cameraMode":{"drawMode":0,"name":"Shaded","section":"Shading Mode"},"sceneLighting":true,"audioPlay":false,"sceneViewState":{"showFog":true,"showMaterialUpdate":false,"showSkybox":true,"showFlares":true,"showImageEffects":true,"showParticleSystems":true},"in2DMode":false,"pivot":{"x":-1197.66015625,"y":-10.16259765625,"z":2092.197509765625},"rotation":{"x":-0.36473891139030459,"y":-0.1658790558576584,"z":0.0666351467370987,"w":-0.9138787388801575},"size":6566.4111328125,"orthographic":false}