{"cameraMode":{"drawMode":0,"name":"Shaded","section":"Shading Mode"},"sceneLighting":true,"audioPlay":false,"sceneViewState":{"showFog":true,"showMaterialUpdate":true,"showSkybox":true,"showFlares":true,"showImageEffects":true,"showParticleSystems":true},"in2DMode":false,"pivot":{"x":2256.073974609375,"y":-960.1578979492188,"z":2070.87890625},"rotation":{"x":0.259988397359848,"y":-0.5214735865592957,"z":0.16914214193820954,"w":0.7951034903526306},"size":2440.781494140625,"orthographic":false}