{"cameraMode":{"drawMode":0,"name":"Shaded","section":"Shading Mode"},"sceneLighting":true,"audioPlay":false,"sceneViewState":{"showFog":true,"showMaterialUpdate":true,"showSkybox":true,"showFlares":true,"showImageEffects":true,"showParticleSystems":true},"in2DMode":false,"pivot":{"x":3833.592529296875,"y":220.837890625,"z":1860.020751953125},"rotation":{"x":0.259988397359848,"y":-0.5214735865592957,"z":0.16914214193820954,"w":0.7951034903526306},"size":778.396728515625,"orthographic":false}