{"cameraMode":{"drawMode":0,"name":"Shaded","section":"Shading Mode"},"sceneLighting":true,"audioPlay":false,"sceneViewState":{"showFog":true,"showMaterialUpdate":false,"showSkybox":true,"showFlares":true,"showImageEffects":true,"showParticleSystems":true},"in2DMode":false,"pivot":{"x":1193.3365478515625,"y":19.630508422851564,"z":-1282.843505859375},"rotation":{"x":-0.09844063222408295,"y":0.9011324048042297,"z":-0.28350958228111269,"w":-0.31289464235305788},"size":492.29632568359377,"orthographic":false}