{"cameraMode":{"drawMode":0,"name":"Shaded","section":"Shading Mode"},"sceneLighting":true,"audioPlay":false,"sceneViewState":{"showFog":true,"showMaterialUpdate":true,"showSkybox":true,"showFlares":true,"showImageEffects":true,"showParticleSystems":true},"in2DMode":false,"pivot":{"x":3779.5224609375,"y":29.18566131591797,"z":1863.1971435546875},"rotation":{"x":0.259988397359848,"y":-0.5214735865592957,"z":0.16914214193820954,"w":0.7951034903526306},"size":170.16253662109376,"orthographic":false}