{"cameraMode":{"drawMode":0,"name":"Shaded","section":"Shading Mode"},"sceneLighting":true,"audioPlay":false,"sceneViewState":{"showFog":true,"showMaterialUpdate":true,"showSkybox":true,"showFlares":true,"showImageEffects":true,"showParticleSystems":true},"in2DMode":false,"pivot":{"x":3767.230224609375,"y":286.7572021484375,"z":1282.1885986328125},"rotation":{"x":0.26302680373191836,"y":-0.6738942861557007,"z":0.2788309156894684,"w":0.6318739056587219},"size":2783.700927734375,"orthographic":false}