{"cameraMode":{"drawMode":0,"name":"Shaded","section":"Shading Mode"},"sceneLighting":false,"audioPlay":false,"sceneViewState":{"showFog":true,"showMaterialUpdate":false,"showSkybox":true,"showFlares":true,"showImageEffects":true,"showParticleSystems":true},"in2DMode":false,"pivot":{"x":2219.513916015625,"y":-864.9437255859375,"z":1427.7593994140625},"rotation":{"x":0.062486682087183,"y":0.8360864520072937,"z":-0.5362751483917236,"w":0.097469761967659},"size":6084.57421875,"orthographic":false}