{"cameraMode":{"drawMode":0,"name":"Shaded","section":"Shading Mode"},"sceneLighting":true,"audioPlay":false,"sceneViewState":{"showFog":true,"showMaterialUpdate":true,"showSkybox":true,"showFlares":true,"showImageEffects":true,"showParticleSystems":true},"in2DMode":false,"pivot":{"x":1640.7265625,"y":1101.328369140625,"z":2340.580078125},"rotation":{"x":0.24479082226753236,"y":0.6698703169822693,"z":-0.25183385610580447,"w":0.6543354988098145},"size":3105.707763671875,"orthographic":false}