{"cameraMode":{"drawMode":0,"name":"Shaded","section":"Shading Mode"},"sceneLighting":true,"audioPlay":false,"sceneViewState":{"showFog":true,"showMaterialUpdate":true,"showSkybox":true,"showFlares":true,"showImageEffects":true,"showParticleSystems":true},"in2DMode":false,"pivot":{"x":2233.844482421875,"y":-781.1280517578125,"z":2348.27685546875},"rotation":{"x":0.259988397359848,"y":-0.5214735865592957,"z":0.16914214193820954,"w":0.7951034903526306},"size":3306.21484375,"orthographic":false}