{"cameraMode":{"drawMode":0,"name":"Shaded","section":"Shading Mode"},"sceneLighting":false,"audioPlay":false,"sceneViewState":{"showFog":true,"showMaterialUpdate":false,"showSkybox":false,"showFlares":true,"showImageEffects":true,"showParticleSystems":true},"in2DMode":false,"pivot":{"x":0.051926374435424808,"y":0.07815408706665039,"z":0.020460844039916993},"rotation":{"x":-0.05393359810113907,"y":0.3365088999271393,"z":-0.019292471930384637,"w":-0.9399672150611877},"size":7.254360198974609,"orthographic":false}