{"cameraMode":{"drawMode":0,"name":"Shaded","section":"Shading Mode"},"sceneLighting":false,"audioPlay":false,"sceneViewState":{"showFog":true,"showMaterialUpdate":false,"showSkybox":false,"showFlares":true,"showImageEffects":true,"showParticleSystems":true},"in2DMode":false,"pivot":{"x":-0.1599729061126709,"y":1.8448811769485474,"z":-0.024297475814819337},"rotation":{"x":-0.1860577017068863,"y":-0.0821465328335762,"z":0.015630412846803666,"w":-0.9790030121803284},"size":11.381985664367676,"orthographic":false}