{"cameraMode":{"drawMode":0,"name":"Shaded","section":"Shading Mode"},"sceneLighting":false,"audioPlay":false,"sceneViewState":{"showFog":true,"showMaterialUpdate":false,"showSkybox":false,"showFlares":true,"showImageEffects":true,"showParticleSystems":true},"in2DMode":false,"pivot":{"x":-0.0318896621465683,"y":0.268906831741333,"z":-2.9802322387695315e-8},"rotation":{"x":-0.1594938337802887,"y":0.3014894723892212,"z":-0.05123382806777954,"w":-0.9386650323867798},"size":1.077800989151001,"orthographic":false}