{"cameraMode":{"drawMode":0,"name":"Shaded","section":"Shading Mode"},"sceneLighting":false,"audioPlay":false,"sceneViewState":{"showFog":true,"showMaterialUpdate":false,"showSkybox":false,"showFlares":true,"showImageEffects":true,"showParticleSystems":true},"in2DMode":false,"pivot":{"x":-0.025491982698440553,"y":0.5722152590751648,"z":-0.2780681252479553},"rotation":{"x":-0.24636761844158173,"y":0.7410748600959778,"z":-0.35553494095802309,"w":-0.5135737061500549},"size":2.359924077987671,"orthographic":false}