{"cameraMode":{"drawMode":0,"name":"Shaded","section":"Shading Mode"},"sceneLighting":false,"audioPlay":false,"sceneViewState":{"showFog":true,"showMaterialUpdate":false,"showSkybox":false,"showFlares":true,"showImageEffects":true,"showParticleSystems":true},"in2DMode":false,"pivot":{"x":52.95000457763672,"y":192.95001220703126,"z":0.0},"rotation":{"x":-0.02280750870704651,"y":-0.007216621655970812,"z":0.00016716207028366625,"w":-0.9997290968894959},"size":86.60206604003906,"orthographic":false}