{"cameraMode":{"drawMode":0,"name":"Shaded","section":"Shading Mode"},"sceneLighting":false,"audioPlay":false,"sceneViewState":{"showFog":true,"showMaterialUpdate":false,"showSkybox":false,"showFlares":true,"showImageEffects":true,"showParticleSystems":true},"in2DMode":false,"pivot":{"x":0.0006371140480041504,"y":1.2818903923034669,"z":0.006947875022888184},"rotation":{"x":-0.07194647192955017,"y":-0.7421000003814697,"z":0.08068183809518814,"w":-0.6615545153617859},"size":4.537905693054199,"orthographic":false}