{"cameraMode":{"drawMode":0,"name":"Shaded","section":"Shading Mode"},"sceneLighting":false,"audioPlay":false,"sceneViewState":{"showFog":true,"showMaterialUpdate":false,"showSkybox":false,"showFlares":true,"showImageEffects":true,"showParticleSystems":true},"in2DMode":false,"pivot":{"x":-0.06227231025695801,"y":0.4769044518470764,"z":-0.04456830024719238},"rotation":{"x":-0.10376035422086716,"y":0.7251353859901428,"z":-0.11205081641674042,"w":-0.6714981198310852},"size":5.401865482330322,"orthographic":false}