{"cameraMode":{"drawMode":0,"name":"Shaded","section":"Shading Mode"},"sceneLighting":false,"audioPlay":false,"sceneViewState":{"showFog":true,"showMaterialUpdate":false,"showSkybox":false,"showFlares":true,"showImageEffects":true,"showParticleSystems":true},"in2DMode":false,"pivot":{"x":0.005040526390075684,"y":0.25381073355674746,"z":-0.005894914269447327},"rotation":{"x":-0.24484549462795258,"y":0.6621619462966919,"z":-0.24382780492305757,"w":-0.664975106716156},"size":3.082674980163574,"orthographic":false}