{"cameraMode":{"drawMode":0,"name":"Shaded","section":"Shading Mode"},"sceneLighting":false,"audioPlay":false,"sceneViewState":{"showFog":true,"showMaterialUpdate":false,"showSkybox":false,"showFlares":true,"showImageEffects":true,"showParticleSystems":true},"in2DMode":false,"pivot":{"x":0.9318729043006897,"y":0.2771352529525757,"z":-0.09905672073364258},"rotation":{"x":-0.24636761844158173,"y":0.7410748600959778,"z":-0.35553494095802309,"w":-0.5135737061500549},"size":8.282462120056153,"orthographic":false}